<!--
 Licensed to the Apache Software Foundation (ASF) under one or more
 contributor license agreements.  See the NOTICE file distributed with
 this work for additional information regarding copyright ownership.
 The ASF licenses this file to You under the Apache License, Version 2.0
 (the "License"); you may not use this file except in compliance with
 the License.  You may obtain a copy of the License at

     http://www.apache.org/licenses/LICENSE-2.0

 Unless required by applicable law or agreed to in writing, software
 distributed under the License is distributed on an "AS IS" BASIS,
 WITHOUT WARRANTIES OR CONDITIONS OF ANY KIND, either express or implied.
 See the License for the specific language governing permissions and
 limitations under the License.
-->

<add><doc>
  <field name="id">9885A004</field>
  <field name="name">Canon PowerShot SD500</field>
  <field name="manu">Canon Inc.</field>
  <field name="cat">electronics</field>
  <field name="cat">camera</field>
  <field name="features">3x zoop, 7.1 megapixel Digital ELPH</field>
  <field name="features">movie clips up to 640x480 @30 fps</field>
  <field name="features">2.0" TFT LCD, 118,000 pixels</field>
  <field name="features">built in flash, red-eye reduction</field>
  <field name="includes">32MB SD card, USB cable, AV cable, battery</field>
  <field name="weight">6.4</field>
  <field name="price">329.95</field>
  <field name="popularity">7</field>
  <field name="inStock">true</field>
</doc></add>
